{"stats":{"minecraft:used":{"soulslikeuniverse:dagger":4,"minecraft:dirt":6},"minecraft:mined":{"minecraft:grass":5,"minecraft:grass_block":8,"minecraft:dirt":1},"minecraft:picked_up":{"swem:timothy_seeds":1,"minecraft:dirt":8},"minecraft:custom":{"minecraft:jump":15,"minecraft:time_since_rest":1192,"minecraft:leave_game":1,"minecraft:damage_dealt":180,"minecraft:crouch_one_cm":327,"minecraft:sprint_one_cm":1955,"minecraft:play_time":1192,"minecraft:damage_taken":140,"minecraft:time_since_death":1192,"minecraft:walk_one_cm":9705,"minecraft:sneak_time":21,"minecraft:total_world_time":1192,"minecraft:mob_kills":1,"minecraft:damage_dealt_absorbed":78,"minecraft:fall_one_cm":209,"minecraft:fly_one_cm":3592},"minecraft:killed":{"creaturecraft:striped_hyena":1}},"DataVersion":3465}